id,label
/kaggle/input/cs-424-ass-1-wednesday-class/test/test/img_00000.png,0
/kaggle/input/cs-424-ass-1-wednesday-class/test/test/img_00001.png,7
/kaggle/input/cs-424-ass-1-wednesday-class/test/test/img_00002.png,1
/kaggle/input/cs-424-ass-1-wednesday-class/test/test/img_00003.png,0
/kaggle/input/cs-424-ass-1-wednesday-class/test/test/img_00004.png,0
/kaggle/input/cs-424-ass-1-wednesday-class/test/test/img_00005.png,0
/kaggle/input/cs-424-ass-1-wednesday-class/test/test/img_00006.png,7
/kaggle/input/cs-424-ass-1-wednesday-class/test/test/img_00007.png,0
/kaggle/input/cs-424-ass-1-wednesday-class/test/test/img_00008.png,7
/kaggle/input/cs-424-ass-1-wednesday-class/test/test/img_00009.png,7
/kaggle/input/cs-424-ass-1-wednesday-class/test/test/img_00010.png,0
/kaggle/input/cs-424-ass-1-wednesday-class/test/test/img_00011.png,4
/kaggle/input/cs-424-ass-1-wednesday-class/test/test/img_00012.png,0
/kaggle/input/cs-424-ass-1-wednesday-class/test/test/img_00013.png,3
/kaggle/input/cs-424-ass-1-wednesday-class/test/test/img_00014.png,4
/kaggle/input/cs-424-ass-1-wednesday-class/test/test/img_00015.png,0
/kaggle/input/cs-424-ass-1-wednesday-class/test/test/img_00016.png,7
/kaggle/input/cs-424-ass-1-wednesday-class/test/test/img_00017.png,3
/kaggle/input/cs-424-ass-1-wednesday-class/test/test/img_00018.png,2
/kaggle/input/cs-424-ass-1-wednesday-class/test/test/img_00019.png,4
/kaggle/input/cs-424-ass-1-wednesday-class/test/test/img_00020.png,0
/kaggle/input/cs-424-ass-1-wednesday-class/test/test/img_00021.png,2
/kaggle/input/cs-424-ass-1-wednesday-class/test/test/img_00022.png,3
/kaggle/input/cs-424-ass-1-wednesday-class/test/test/img_00023.png,7
/kaggle/input/cs-424-ass-1-wednesday-class/test/test/img_00024.png,0
/kaggle/input/cs-424-ass-1-wednesday-class/test/test/img_00025.png,4
/kaggle/input/cs-424-ass-1-wednesday-class/test/test/img_00026.png,0
/kaggle/input/cs-424-ass-1-wednesday-class/test/test/img_00027.png,3
/kaggle/input/cs-424-ass-1-wednesday-class/test/test/img_00028.png,0
/kaggle/input/cs-424-ass-1-wednesday-class/test/test/img_00029.png,2
/kaggle/input/cs-424-ass-1-wednesday-class/test/test/img_00030.png,3
/kaggle/input/cs-424-ass-1-wednesday-class/test/test/img_00031.png,4
/kaggle/input/cs-424-ass-1-wednesday-class/test/test/img_00032.png,0
/kaggle/input/cs-424-ass-1-wednesday-class/test/test/img_00033.png,6
/kaggle/input/cs-424-ass-1-wednesday-class/test/test/img_00034.png,3
/kaggle/input/cs-424-ass-1-wednesday-class/test/test/img_00035.png,0
/kaggle/input/cs-424-ass-1-wednesday-class/test/test/img_00036.png,0
/kaggle/input/cs-424-ass-1-wednesday-class/test/test/img_00037.png,7
/kaggle/input/cs-424-ass-1-wednesday-class/test/test/img_00038.png,0
/kaggle/input/cs-424-ass-1-wednesday-class/test/test/img_00039.png,7
/kaggle/input/cs-424-ass-1-wednesday-class/test/test/img_00040.png,1
/kaggle/input/cs-424-ass-1-wednesday-class/test/test/img_00041.png,3
/kaggle/input/cs-424-ass-1-wednesday-class/test/test/img_00042.png,0
/kaggle/input/cs-424-ass-1-wednesday-class/test/test/img_00043.png,7
/kaggle/input/cs-424-ass-1-wednesday-class/test/test/img_00044.png,0
/kaggle/input/cs-424-ass-1-wednesday-class/test/test/img_00045.png,0
/kaggle/input/cs-424-ass-1-wednesday-class/test/test/img_00046.png,7
/kaggle/input/cs-424-ass-1-wednesday-class/test/test/img_00047.png,7
/kaggle/input/cs-424-ass-1-wednesday-class/test/test/img_00048.png,4
/kaggle/input/cs-424-ass-1-wednesday-class/test/test/img_00049.png,4
/kaggle/input/cs-424-ass-1-wednesday-class/test/test/img_00050.png,0
/kaggle/input/cs-424-ass-1-wednesday-class/test/test/img_00051.png,7
/kaggle/input/cs-424-ass-1-wednesday-class/test/test/img_00052.png,0
/kaggle/input/cs-424-ass-1-wednesday-class/test/test/img_00053.png,0
/kaggle/input/cs-424-ass-1-wednesday-class/test/test/img_00054.png,0
/kaggle/input/cs-424-ass-1-wednesday-class/test/test/img_00055.png,3
/kaggle/input/cs-424-ass-1-wednesday-class/test/test/img_00056.png,7
/kaggle/input/cs-424-ass-1-wednesday-class/test/test/img_00057.png,7
/kaggle/input/cs-424-ass-1-wednesday-class/test/test/img_00058.png,4
/kaggle/input/cs-424-ass-1-wednesday-class/test/test/img_00059.png,0
/kaggle/input/cs-424-ass-1-wednesday-class/test/test/img_00060.png,0
/kaggle/input/cs-424-ass-1-wednesday-class/test/test/img_00061.png,2
/kaggle/input/cs-424-ass-1-wednesday-class/test/test/img_00062.png,4
/kaggle/input/cs-424-ass-1-wednesday-class/test/test/img_00063.png,0
/kaggle/input/cs-424-ass-1-wednesday-class/test/test/img_00064.png,9
/kaggle/input/cs-424-ass-1-wednesday-class/test/test/img_00065.png,0
/kaggle/input/cs-424-ass-1-wednesday-class/test/test/img_00066.png,0
/kaggle/input/cs-424-ass-1-wednesday-class/test/test/img_00067.png,0
/kaggle/input/cs-424-ass-1-wednesday-class/test/test/img_00068.png,3
/kaggle/input/cs-424-ass-1-wednesday-class/test/test/img_00069.png,7
/kaggle/input/cs-424-ass-1-wednesday-class/test/test/img_00070.png,7
/kaggle/input/cs-424-ass-1-wednesday-class/test/test/img_00071.png,7
/kaggle/input/cs-424-ass-1-wednesday-class/test/test/img_00072.png,0
/kaggle/input/cs-424-ass-1-wednesday-class/test/test/img_00073.png,7
/kaggle/input/cs-424-ass-1-wednesday-class/test/test/img_00074.png,4
/kaggle/input/cs-424-ass-1-wednesday-class/test/test/img_00075.png,4
/kaggle/input/cs-424-ass-1-wednesday-class/test/test/img_00076.png,3
/kaggle/input/cs-424-ass-1-wednesday-class/test/test/img_00077.png,7
/kaggle/input/cs-424-ass-1-wednesday-class/test/test/img_00078.png,0
/kaggle/input/cs-424-ass-1-wednesday-class/test/test/img_00079.png,3
/kaggle/input/cs-424-ass-1-wednesday-class/test/test/img_00080.png,8
/kaggle/input/cs-424-ass-1-wednesday-class/test/test/img_00081.png,4
/kaggle/input/cs-424-ass-1-wednesday-class/test/test/img_00082.png,0
/kaggle/input/cs-424-ass-1-wednesday-class/test/test/img_00083.png,7
/kaggle/input/cs-424-ass-1-wednesday-class/test/test/img_00084.png,1
/kaggle/input/cs-424-ass-1-wednesday-class/test/test/img_00085.png,0
/kaggle/input/cs-424-ass-1-wednesday-class/test/test/img_00086.png,3
/kaggle/input/cs-424-ass-1-wednesday-class/test/test/img_00087.png,7
/kaggle/input/cs-424-ass-1-wednesday-class/test/test/img_00088.png,7
/kaggle/input/cs-424-ass-1-wednesday-class/test/test/img_00089.png,0
/kaggle/input/cs-424-ass-1-wednesday-class/test/test/img_00090.png,1
/kaggle/input/cs-424-ass-1-wednesday-class/test/test/img_00091.png,0
/kaggle/input/cs-424-ass-1-wednesday-class/test/test/img_00092.png,3
/kaggle/input/cs-424-ass-1-wednesday-class/test/test/img_00093.png,2
/kaggle/input/cs-424-ass-1-wednesday-class/test/test/img_00094.png,7
/kaggle/input/cs-424-ass-1-wednesday-class/test/test/img_00095.png,7
/kaggle/input/cs-424-ass-1-wednesday-class/test/test/img_00096.png,7
/kaggle/input/cs-424-ass-1-wednesday-class/test/test/img_00097.png,0
/kaggle/input/cs-424-ass-1-wednesday-class/test/test/img_00098.png,3
/kaggle/input/cs-424-ass-1-wednesday-class/test/test/img_00099.png,4
/kaggle/input/cs-424-ass-1-wednesday-class/test/test/img_00100.png,0
/kaggle/input/cs-424-ass-1-wednesday-class/test/test/img_00101.png,0
/kaggle/input/cs-424-ass-1-wednesday-class/test/test/img_00102.png,4
/kaggle/input/cs-424-ass-1-wednesday-class/test/test/img_00103.png,3
/kaggle/input/cs-424-ass-1-wednesday-class/test/test/img_00104.png,5
/kaggle/input/cs-424-ass-1-wednesday-class/test/test/img_00105.png,4
/kaggle/input/cs-424-ass-1-wednesday-class/test/test/img_00106.png,0
/kaggle/input/cs-424-ass-1-wednesday-class/test/test/img_00107.png,5
/kaggle/input/cs-424-ass-1-wednesday-class/test/test/img_00108.png,3
/kaggle/input/cs-424-ass-1-wednesday-class/test/test/img_00109.png,1
/kaggle/input/cs-424-ass-1-wednesday-class/test/test/img_00110.png,1
/kaggle/input/cs-424-ass-1-wednesday-class/test/test/img_00111.png,0
/kaggle/input/cs-424-ass-1-wednesday-class/test/test/img_00112.png,7
/kaggle/input/cs-424-ass-1-wednesday-class/test/test/img_00113.png,0
/kaggle/input/cs-424-ass-1-wednesday-class/test/test/img_00114.png,3
/kaggle/input/cs-424-ass-1-wednesday-class/test/test/img_00115.png,0
/kaggle/input/cs-424-ass-1-wednesday-class/test/test/img_00116.png,4
/kaggle/input/cs-424-ass-1-wednesday-class/test/test/img_00117.png,7
/kaggle/input/cs-424-ass-1-wednesday-class/test/test/img_00118.png,4
/kaggle/input/cs-424-ass-1-wednesday-class/test/test/img_00119.png,4
/kaggle/input/cs-424-ass-1-wednesday-class/test/test/img_00120.png,4
/kaggle/input/cs-424-ass-1-wednesday-class/test/test/img_00121.png,7
/kaggle/input/cs-424-ass-1-wednesday-class/test/test/img_00122.png,8
/kaggle/input/cs-424-ass-1-wednesday-class/test/test/img_00123.png,0
/kaggle/input/cs-424-ass-1-wednesday-class/test/test/img_00124.png,2
/kaggle/input/cs-424-ass-1-wednesday-class/test/test/img_00125.png,4
/kaggle/input/cs-424-ass-1-wednesday-class/test/test/img_00126.png,0
/kaggle/input/cs-424-ass-1-wednesday-class/test/test/img_00127.png,0
/kaggle/input/cs-424-ass-1-wednesday-class/test/test/img_00128.png,2
/kaggle/input/cs-424-ass-1-wednesday-class/test/test/img_00129.png,1
/kaggle/input/cs-424-ass-1-wednesday-class/test/test/img_00130.png,3
/kaggle/input/cs-424-ass-1-wednesday-class/test/test/img_00131.png,4
/kaggle/input/cs-424-ass-1-wednesday-class/test/test/img_00132.png,7
/kaggle/input/cs-424-ass-1-wednesday-class/test/test/img_00133.png,8
/kaggle/input/cs-424-ass-1-wednesday-class/test/test/img_00134.png,0
/kaggle/input/cs-424-ass-1-wednesday-class/test/test/img_00135.png,0
/kaggle/input/cs-424-ass-1-wednesday-class/test/test/img_00136.png,3
/kaggle/input/cs-424-ass-1-wednesday-class/test/test/img_00137.png,4
/kaggle/input/cs-424-ass-1-wednesday-class/test/test/img_00138.png,3
/kaggle/input/cs-424-ass-1-wednesday-class/test/test/img_00139.png,3
/kaggle/input/cs-424-ass-1-wednesday-class/test/test/img_00140.png,4
/kaggle/input/cs-424-ass-1-wednesday-class/test/test/img_00141.png,3
/kaggle/input/cs-424-ass-1-wednesday-class/test/test/img_00142.png,0
/kaggle/input/cs-424-ass-1-wednesday-class/test/test/img_00143.png,0
/kaggle/input/cs-424-ass-1-wednesday-class/test/test/img_00144.png,3
/kaggle/input/cs-424-ass-1-wednesday-class/test/test/img_00145.png,2
/kaggle/input/cs-424-ass-1-wednesday-class/test/test/img_00146.png,0
/kaggle/input/cs-424-ass-1-wednesday-class/test/test/img_00147.png,0
/kaggle/input/cs-424-ass-1-wednesday-class/test/test/img_00148.png,7
/kaggle/input/cs-424-ass-1-wednesday-class/test/test/img_00149.png,7
/kaggle/input/cs-424-ass-1-wednesday-class/test/test/img_00150.png,4
/kaggle/input/cs-424-ass-1-wednesday-class/test/test/img_00151.png,7
/kaggle/input/cs-424-ass-1-wednesday-class/test/test/img_00152.png,0
/kaggle/input/cs-424-ass-1-wednesday-class/test/test/img_00153.png,0
/kaggle/input/cs-424-ass-1-wednesday-class/test/test/img_00154.png,3
/kaggle/input/cs-424-ass-1-wednesday-class/test/test/img_00155.png,0
/kaggle/input/cs-424-ass-1-wednesday-class/test/test/img_00156.png,0
/kaggle/input/cs-424-ass-1-wednesday-class/test/test/img_00157.png,2
/kaggle/input/cs-424-ass-1-wednesday-class/test/test/img_00158.png,3
/kaggle/input/cs-424-ass-1-wednesday-class/test/test/img_00159.png,0
/kaggle/input/cs-424-ass-1-wednesday-class/test/test/img_00160.png,0
/kaggle/input/cs-424-ass-1-wednesday-class/test/test/img_00161.png,0
/kaggle/input/cs-424-ass-1-wednesday-class/test/test/img_00162.png,8
/kaggle/input/cs-424-ass-1-wednesday-class/test/test/img_00163.png,4
/kaggle/input/cs-424-ass-1-wednesday-class/test/test/img_00164.png,3
/kaggle/input/cs-424-ass-1-wednesday-class/test/test/img_00165.png,3
/kaggle/input/cs-424-ass-1-wednesday-class/test/test/img_00166.png,0
/kaggle/input/cs-424-ass-1-wednesday-class/test/test/img_00167.png,7
/kaggle/input/cs-424-ass-1-wednesday-class/test/test/img_00168.png,0
/kaggle/input/cs-424-ass-1-wednesday-class/test/test/img_00169.png,0
/kaggle/input/cs-424-ass-1-wednesday-class/test/test/img_00170.png,7
/kaggle/input/cs-424-ass-1-wednesday-class/test/test/img_00171.png,0
/kaggle/input/cs-424-ass-1-wednesday-class/test/test/img_00172.png,2
/kaggle/input/cs-424-ass-1-wednesday-class/test/test/img_00173.png,4
/kaggle/input/cs-424-ass-1-wednesday-class/test/test/img_00174.png,0
/kaggle/input/cs-424-ass-1-wednesday-class/test/test/img_00175.png,7
/kaggle/input/cs-424-ass-1-wednesday-class/test/test/img_00176.png,0
/kaggle/input/cs-424-ass-1-wednesday-class/test/test/img_00177.png,0
/kaggle/input/cs-424-ass-1-wednesday-class/test/test/img_00178.png,9
/kaggle/input/cs-424-ass-1-wednesday-class/test/test/img_00179.png,0
/kaggle/input/cs-424-ass-1-wednesday-class/test/test/img_00180.png,0
/kaggle/input/cs-424-ass-1-wednesday-class/test/test/img_00181.png,4
/kaggle/input/cs-424-ass-1-wednesday-class/test/test/img_00182.png,0
/kaggle/input/cs-424-ass-1-wednesday-class/test/test/img_00183.png,0
/kaggle/input/cs-424-ass-1-wednesday-class/test/test/img_00184.png,0
/kaggle/input/cs-424-ass-1-wednesday-class/test/test/img_00185.png,0
/kaggle/input/cs-424-ass-1-wednesday-class/test/test/img_00186.png,1
/kaggle/input/cs-424-ass-1-wednesday-class/test/test/img_00187.png,7
/kaggle/input/cs-424-ass-1-wednesday-class/test/test/img_00188.png,4
/kaggle/input/cs-424-ass-1-wednesday-class/test/test/img_00189.png,0
/kaggle/input/cs-424-ass-1-wednesday-class/test/test/img_00190.png,3
/kaggle/input/cs-424-ass-1-wednesday-class/test/test/img_00191.png,6
/kaggle/input/cs-424-ass-1-wednesday-class/test/test/img_00192.png,0
/kaggle/input/cs-424-ass-1-wednesday-class/test/test/img_00193.png,4
/kaggle/input/cs-424-ass-1-wednesday-class/test/test/img_00194.png,1
/kaggle/input/cs-424-ass-1-wednesday-class/test/test/img_00195.png,3
/kaggle/input/cs-424-ass-1-wednesday-class/test/test/img_00196.png,3
/kaggle/input/cs-424-ass-1-wednesday-class/test/test/img_00197.png,3
/kaggle/input/cs-424-ass-1-wednesday-class/test/test/img_00198.png,0
/kaggle/input/cs-424-ass-1-wednesday-class/test/test/img_00199.png,0
/kaggle/input/cs-424-ass-1-wednesday-class/test/test/img_00200.png,4
/kaggle/input/cs-424-ass-1-wednesday-class/test/test/img_00201.png,0
/kaggle/input/cs-424-ass-1-wednesday-class/test/test/img_00202.png,7
/kaggle/input/cs-424-ass-1-wednesday-class/test/test/img_00203.png,4
/kaggle/input/cs-424-ass-1-wednesday-class/test/test/img_00204.png,2
/kaggle/input/cs-424-ass-1-wednesday-class/test/test/img_00205.png,3
/kaggle/input/cs-424-ass-1-wednesday-class/test/test/img_00206.png,7
/kaggle/input/cs-424-ass-1-wednesday-class/test/test/img_00207.png,0
/kaggle/input/cs-424-ass-1-wednesday-class/test/test/img_00208.png,0
/kaggle/input/cs-424-ass-1-wednesday-class/test/test/img_00209.png,7
/kaggle/input/cs-424-ass-1-wednesday-class/test/test/img_00210.png,4
/kaggle/input/cs-424-ass-1-wednesday-class/test/test/img_00211.png,0
/kaggle/input/cs-424-ass-1-wednesday-class/test/test/img_00212.png,1
/kaggle/input/cs-424-ass-1-wednesday-class/test/test/img_00213.png,0
/kaggle/input/cs-424-ass-1-wednesday-class/test/test/img_00214.png,7
/kaggle/input/cs-424-ass-1-wednesday-class/test/test/img_00215.png,4
/kaggle/input/cs-424-ass-1-wednesday-class/test/test/img_00216.png,6
/kaggle/input/cs-424-ass-1-wednesday-class/test/test/img_00217.png,4
/kaggle/input/cs-424-ass-1-wednesday-class/test/test/img_00218.png,6
/kaggle/input/cs-424-ass-1-wednesday-class/test/test/img_00219.png,3
/kaggle/input/cs-424-ass-1-wednesday-class/test/test/img_00220.png,0
/kaggle/input/cs-424-ass-1-wednesday-class/test/test/img_00221.png,2
/kaggle/input/cs-424-ass-1-wednesday-class/test/test/img_00222.png,0
/kaggle/input/cs-424-ass-1-wednesday-class/test/test/img_00223.png,2
/kaggle/input/cs-424-ass-1-wednesday-class/test/test/img_00224.png,3
/kaggle/input/cs-424-ass-1-wednesday-class/test/test/img_00225.png,0
/kaggle/input/cs-424-ass-1-wednesday-class/test/test/img_00226.png,4
/kaggle/input/cs-424-ass-1-wednesday-class/test/test/img_00227.png,7
/kaggle/input/cs-424-ass-1-wednesday-class/test/test/img_00228.png,0
/kaggle/input/cs-424-ass-1-wednesday-class/test/test/img_00229.png,3
/kaggle/input/cs-424-ass-1-wednesday-class/test/test/img_00230.png,0
/kaggle/input/cs-424-ass-1-wednesday-class/test/test/img_00231.png,4
/kaggle/input/cs-424-ass-1-wednesday-class/test/test/img_00232.png,7
/kaggle/input/cs-424-ass-1-wednesday-class/test/test/img_00233.png,2
/kaggle/input/cs-424-ass-1-wednesday-class/test/test/img_00234.png,3
/kaggle/input/cs-424-ass-1-wednesday-class/test/test/img_00235.png,1
/kaggle/input/cs-424-ass-1-wednesday-class/test/test/img_00236.png,1
/kaggle/input/cs-424-ass-1-wednesday-class/test/test/img_00237.png,7
/kaggle/input/cs-424-ass-1-wednesday-class/test/test/img_00238.png,2
/kaggle/input/cs-424-ass-1-wednesday-class/test/test/img_00239.png,3
/kaggle/input/cs-424-ass-1-wednesday-class/test/test/img_00240.png,0
/kaggle/input/cs-424-ass-1-wednesday-class/test/test/img_00241.png,7
/kaggle/input/cs-424-ass-1-wednesday-class/test/test/img_00242.png,3
/kaggle/input/cs-424-ass-1-wednesday-class/test/test/img_00243.png,5
/kaggle/input/cs-424-ass-1-wednesday-class/test/test/img_00244.png,3
/kaggle/input/cs-424-ass-1-wednesday-class/test/test/img_00245.png,0
/kaggle/input/cs-424-ass-1-wednesday-class/test/test/img_00246.png,0
/kaggle/input/cs-424-ass-1-wednesday-class/test/test/img_00247.png,0
/kaggle/input/cs-424-ass-1-wednesday-class/test/test/img_00248.png,0
/kaggle/input/cs-424-ass-1-wednesday-class/test/test/img_00249.png,3
/kaggle/input/cs-424-ass-1-wednesday-class/test/test/img_00250.png,4
/kaggle/input/cs-424-ass-1-wednesday-class/test/test/img_00251.png,7
/kaggle/input/cs-424-ass-1-wednesday-class/test/test/img_00252.png,3
/kaggle/input/cs-424-ass-1-wednesday-class/test/test/img_00253.png,4
/kaggle/input/cs-424-ass-1-wednesday-class/test/test/img_00254.png,6
/kaggle/input/cs-424-ass-1-wednesday-class/test/test/img_00255.png,0
/kaggle/input/cs-424-ass-1-wednesday-class/test/test/img_00256.png,3
/kaggle/input/cs-424-ass-1-wednesday-class/test/test/img_00257.png,2
/kaggle/input/cs-424-ass-1-wednesday-class/test/test/img_00258.png,0
/kaggle/input/cs-424-ass-1-wednesday-class/test/test/img_00259.png,7
/kaggle/input/cs-424-ass-1-wednesday-class/test/test/img_00260.png,2
/kaggle/input/cs-424-ass-1-wednesday-class/test/test/img_00261.png,2
/kaggle/input/cs-424-ass-1-wednesday-class/test/test/img_00262.png,2
/kaggle/input/cs-424-ass-1-wednesday-class/test/test/img_00263.png,0
/kaggle/input/cs-424-ass-1-wednesday-class/test/test/img_00264.png,2
/kaggle/input/cs-424-ass-1-wednesday-class/test/test/img_00265.png,4
/kaggle/input/cs-424-ass-1-wednesday-class/test/test/img_00266.png,3
/kaggle/input/cs-424-ass-1-wednesday-class/test/test/img_00267.png,5
/kaggle/input/cs-424-ass-1-wednesday-class/test/test/img_00268.png,4
/kaggle/input/cs-424-ass-1-wednesday-class/test/test/img_00269.png,2
/kaggle/input/cs-424-ass-1-wednesday-class/test/test/img_00270.png,3
/kaggle/input/cs-424-ass-1-wednesday-class/test/test/img_00271.png,3
/kaggle/input/cs-424-ass-1-wednesday-class/test/test/img_00272.png,7
/kaggle/input/cs-424-ass-1-wednesday-class/test/test/img_00273.png,7
/kaggle/input/cs-424-ass-1-wednesday-class/test/test/img_00274.png,7
/kaggle/input/cs-424-ass-1-wednesday-class/test/test/img_00275.png,0
/kaggle/input/cs-424-ass-1-wednesday-class/test/test/img_00276.png,4
/kaggle/input/cs-424-ass-1-wednesday-class/test/test/img_00277.png,0
/kaggle/input/cs-424-ass-1-wednesday-class/test/test/img_00278.png,0
/kaggle/input/cs-424-ass-1-wednesday-class/test/test/img_00279.png,7
/kaggle/input/cs-424-ass-1-wednesday-class/test/test/img_00280.png,3
/kaggle/input/cs-424-ass-1-wednesday-class/test/test/img_00281.png,3
/kaggle/input/cs-424-ass-1-wednesday-class/test/test/img_00282.png,1
/kaggle/input/cs-424-ass-1-wednesday-class/test/test/img_00283.png,3
/kaggle/input/cs-424-ass-1-wednesday-class/test/test/img_00284.png,2
/kaggle/input/cs-424-ass-1-wednesday-class/test/test/img_00285.png,0
/kaggle/input/cs-424-ass-1-wednesday-class/test/test/img_00286.png,7
/kaggle/input/cs-424-ass-1-wednesday-class/test/test/img_00287.png,7
/kaggle/input/cs-424-ass-1-wednesday-class/test/test/img_00288.png,4
/kaggle/input/cs-424-ass-1-wednesday-class/test/test/img_00289.png,7
/kaggle/input/cs-424-ass-1-wednesday-class/test/test/img_00290.png,2
/kaggle/input/cs-424-ass-1-wednesday-class/test/test/img_00291.png,7
/kaggle/input/cs-424-ass-1-wednesday-class/test/test/img_00292.png,0
/kaggle/input/cs-424-ass-1-wednesday-class/test/test/img_00293.png,0
/kaggle/input/cs-424-ass-1-wednesday-class/test/test/img_00294.png,3
/kaggle/input/cs-424-ass-1-wednesday-class/test/test/img_00295.png,7
/kaggle/input/cs-424-ass-1-wednesday-class/test/test/img_00296.png,4
/kaggle/input/cs-424-ass-1-wednesday-class/test/test/img_00297.png,4
/kaggle/input/cs-424-ass-1-wednesday-class/test/test/img_00298.png,0
/kaggle/input/cs-424-ass-1-wednesday-class/test/test/img_00299.png,3
/kaggle/input/cs-424-ass-1-wednesday-class/test/test/img_00300.png,0
/kaggle/input/cs-424-ass-1-wednesday-class/test/test/img_00301.png,2
/kaggle/input/cs-424-ass-1-wednesday-class/test/test/img_00302.png,7
/kaggle/input/cs-424-ass-1-wednesday-class/test/test/img_00303.png,4
/kaggle/input/cs-424-ass-1-wednesday-class/test/test/img_00304.png,7
/kaggle/input/cs-424-ass-1-wednesday-class/test/test/img_00305.png,0
/kaggle/input/cs-424-ass-1-wednesday-class/test/test/img_00306.png,0
/kaggle/input/cs-424-ass-1-wednesday-class/test/test/img_00307.png,3
/kaggle/input/cs-424-ass-1-wednesday-class/test/test/img_00308.png,0
/kaggle/input/cs-424-ass-1-wednesday-class/test/test/img_00309.png,7
/kaggle/input/cs-424-ass-1-wednesday-class/test/test/img_00310.png,7
/kaggle/input/cs-424-ass-1-wednesday-class/test/test/img_00311.png,7
/kaggle/input/cs-424-ass-1-wednesday-class/test/test/img_00312.png,4
/kaggle/input/cs-424-ass-1-wednesday-class/test/test/img_00313.png,2
/kaggle/input/cs-424-ass-1-wednesday-class/test/test/img_00314.png,4
/kaggle/input/cs-424-ass-1-wednesday-class/test/test/img_00315.png,2
/kaggle/input/cs-424-ass-1-wednesday-class/test/test/img_00316.png,0
/kaggle/input/cs-424-ass-1-wednesday-class/test/test/img_00317.png,0
/kaggle/input/cs-424-ass-1-wednesday-class/test/test/img_00318.png,4
/kaggle/input/cs-424-ass-1-wednesday-class/test/test/img_00319.png,2
/kaggle/input/cs-424-ass-1-wednesday-class/test/test/img_00320.png,0
/kaggle/input/cs-424-ass-1-wednesday-class/test/test/img_00321.png,3
/kaggle/input/cs-424-ass-1-wednesday-class/test/test/img_00322.png,2
/kaggle/input/cs-424-ass-1-wednesday-class/test/test/img_00323.png,0
/kaggle/input/cs-424-ass-1-wednesday-class/test/test/img_00324.png,3
/kaggle/input/cs-424-ass-1-wednesday-class/test/test/img_00325.png,3
/kaggle/input/cs-424-ass-1-wednesday-class/test/test/img_00326.png,0
/kaggle/input/cs-424-ass-1-wednesday-class/test/test/img_00327.png,4
/kaggle/input/cs-424-ass-1-wednesday-class/test/test/img_00328.png,3
/kaggle/input/cs-424-ass-1-wednesday-class/test/test/img_00329.png,4
/kaggle/input/cs-424-ass-1-wednesday-class/test/test/img_00330.png,0
/kaggle/input/cs-424-ass-1-wednesday-class/test/test/img_00331.png,4
/kaggle/input/cs-424-ass-1-wednesday-class/test/test/img_00332.png,0
/kaggle/input/cs-424-ass-1-wednesday-class/test/test/img_00333.png,4
/kaggle/input/cs-424-ass-1-wednesday-class/test/test/img_00334.png,0
/kaggle/input/cs-424-ass-1-wednesday-class/test/test/img_00335.png,3
/kaggle/input/cs-424-ass-1-wednesday-class/test/test/img_00336.png,0
/kaggle/input/cs-424-ass-1-wednesday-class/test/test/img_00337.png,4
/kaggle/input/cs-424-ass-1-wednesday-class/test/test/img_00338.png,0
/kaggle/input/cs-424-ass-1-wednesday-class/test/test/img_00339.png,7
/kaggle/input/cs-424-ass-1-wednesday-class/test/test/img_00340.png,7
/kaggle/input/cs-424-ass-1-wednesday-class/test/test/img_00341.png,2
/kaggle/input/cs-424-ass-1-wednesday-class/test/test/img_00342.png,2
/kaggle/input/cs-424-ass-1-wednesday-class/test/test/img_00343.png,3
/kaggle/input/cs-424-ass-1-wednesday-class/test/test/img_00344.png,0
/kaggle/input/cs-424-ass-1-wednesday-class/test/test/img_00345.png,3
/kaggle/input/cs-424-ass-1-wednesday-class/test/test/img_00346.png,7
/kaggle/input/cs-424-ass-1-wednesday-class/test/test/img_00347.png,0
/kaggle/input/cs-424-ass-1-wednesday-class/test/test/img_00348.png,3
/kaggle/input/cs-424-ass-1-wednesday-class/test/test/img_00349.png,0
/kaggle/input/cs-424-ass-1-wednesday-class/test/test/img_00350.png,7
/kaggle/input/cs-424-ass-1-wednesday-class/test/test/img_00351.png,4
/kaggle/input/cs-424-ass-1-wednesday-class/test/test/img_00352.png,7
/kaggle/input/cs-424-ass-1-wednesday-class/test/test/img_00353.png,7
/kaggle/input/cs-424-ass-1-wednesday-class/test/test/img_00354.png,7
/kaggle/input/cs-424-ass-1-wednesday-class/test/test/img_00355.png,3
/kaggle/input/cs-424-ass-1-wednesday-class/test/test/img_00356.png,7
/kaggle/input/cs-424-ass-1-wednesday-class/test/test/img_00357.png,0
/kaggle/input/cs-424-ass-1-wednesday-class/test/test/img_00358.png,2
/kaggle/input/cs-424-ass-1-wednesday-class/test/test/img_00359.png,4
/kaggle/input/cs-424-ass-1-wednesday-class/test/test/img_00360.png,0
/kaggle/input/cs-424-ass-1-wednesday-class/test/test/img_00361.png,1
/kaggle/input/cs-424-ass-1-wednesday-class/test/test/img_00362.png,0
/kaggle/input/cs-424-ass-1-wednesday-class/test/test/img_00363.png,4
/kaggle/input/cs-424-ass-1-wednesday-class/test/test/img_00364.png,1
/kaggle/input/cs-424-ass-1-wednesday-class/test/test/img_00365.png,3
/kaggle/input/cs-424-ass-1-wednesday-class/test/test/img_00366.png,2
/kaggle/input/cs-424-ass-1-wednesday-class/test/test/img_00367.png,1
/kaggle/input/cs-424-ass-1-wednesday-class/test/test/img_00368.png,0
/kaggle/input/cs-424-ass-1-wednesday-class/test/test/img_00369.png,7
/kaggle/input/cs-424-ass-1-wednesday-class/test/test/img_00370.png,4
/kaggle/input/cs-424-ass-1-wednesday-class/test/test/img_00371.png,4
/kaggle/input/cs-424-ass-1-wednesday-class/test/test/img_00372.png,7
/kaggle/input/cs-424-ass-1-wednesday-class/test/test/img_00373.png,0
/kaggle/input/cs-424-ass-1-wednesday-class/test/test/img_00374.png,4
/kaggle/input/cs-424-ass-1-wednesday-class/test/test/img_00375.png,7
/kaggle/input/cs-424-ass-1-wednesday-class/test/test/img_00376.png,0
/kaggle/input/cs-424-ass-1-wednesday-class/test/test/img_00377.png,3
/kaggle/input/cs-424-ass-1-wednesday-class/test/test/img_00378.png,4
/kaggle/input/cs-424-ass-1-wednesday-class/test/test/img_00379.png,0
/kaggle/input/cs-424-ass-1-wednesday-class/test/test/img_00380.png,2
/kaggle/input/cs-424-ass-1-wednesday-class/test/test/img_00381.png,3
/kaggle/input/cs-424-ass-1-wednesday-class/test/test/img_00382.png,2
/kaggle/input/cs-424-ass-1-wednesday-class/test/test/img_00383.png,4
/kaggle/input/cs-424-ass-1-wednesday-class/test/test/img_00384.png,3
/kaggle/input/cs-424-ass-1-wednesday-class/test/test/img_00385.png,2
/kaggle/input/cs-424-ass-1-wednesday-class/test/test/img_00386.png,3
/kaggle/input/cs-424-ass-1-wednesday-class/test/test/img_00387.png,4
/kaggle/input/cs-424-ass-1-wednesday-class/test/test/img_00388.png,0
/kaggle/input/cs-424-ass-1-wednesday-class/test/test/img_00389.png,0
/kaggle/input/cs-424-ass-1-wednesday-class/test/test/img_00390.png,0
/kaggle/input/cs-424-ass-1-wednesday-class/test/test/img_00391.png,4
/kaggle/input/cs-424-ass-1-wednesday-class/test/test/img_00392.png,7
/kaggle/input/cs-424-ass-1-wednesday-class/test/test/img_00393.png,3
/kaggle/input/cs-424-ass-1-wednesday-class/test/test/img_00394.png,4
/kaggle/input/cs-424-ass-1-wednesday-class/test/test/img_00395.png,4
/kaggle/input/cs-424-ass-1-wednesday-class/test/test/img_00396.png,4
/kaggle/input/cs-424-ass-1-wednesday-class/test/test/img_00397.png,3
/kaggle/input/cs-424-ass-1-wednesday-class/test/test/img_00398.png,4
/kaggle/input/cs-424-ass-1-wednesday-class/test/test/img_00399.png,3
/kaggle/input/cs-424-ass-1-wednesday-class/test/test/img_00400.png,7
/kaggle/input/cs-424-ass-1-wednesday-class/test/test/img_00401.png,3
/kaggle/input/cs-424-ass-1-wednesday-class/test/test/img_00402.png,0
/kaggle/input/cs-424-ass-1-wednesday-class/test/test/img_00403.png,4
/kaggle/input/cs-424-ass-1-wednesday-class/test/test/img_00404.png,0
/kaggle/input/cs-424-ass-1-wednesday-class/test/test/img_00405.png,3
/kaggle/input/cs-424-ass-1-wednesday-class/test/test/img_00406.png,3
/kaggle/input/cs-424-ass-1-wednesday-class/test/test/img_00407.png,7
/kaggle/input/cs-424-ass-1-wednesday-class/test/test/img_00408.png,0
/kaggle/input/cs-424-ass-1-wednesday-class/test/test/img_00409.png,3
/kaggle/input/cs-424-ass-1-wednesday-class/test/test/img_00410.png,3
/kaggle/input/cs-424-ass-1-wednesday-class/test/test/img_00411.png,7
/kaggle/input/cs-424-ass-1-wednesday-class/test/test/img_00412.png,7
/kaggle/input/cs-424-ass-1-wednesday-class/test/test/img_00413.png,7
/kaggle/input/cs-424-ass-1-wednesday-class/test/test/img_00414.png,2
/kaggle/input/cs-424-ass-1-wednesday-class/test/test/img_00415.png,7
/kaggle/input/cs-424-ass-1-wednesday-class/test/test/img_00416.png,0
/kaggle/input/cs-424-ass-1-wednesday-class/test/test/img_00417.png,7
/kaggle/input/cs-424-ass-1-wednesday-class/test/test/img_00418.png,2
/kaggle/input/cs-424-ass-1-wednesday-class/test/test/img_00419.png,4
/kaggle/input/cs-424-ass-1-wednesday-class/test/test/img_00420.png,3
/kaggle/input/cs-424-ass-1-wednesday-class/test/test/img_00421.png,2
/kaggle/input/cs-424-ass-1-wednesday-class/test/test/img_00422.png,3
/kaggle/input/cs-424-ass-1-wednesday-class/test/test/img_00423.png,7
/kaggle/input/cs-424-ass-1-wednesday-class/test/test/img_00424.png,7
/kaggle/input/cs-424-ass-1-wednesday-class/test/test/img_00425.png,0
/kaggle/input/cs-424-ass-1-wednesday-class/test/test/img_00426.png,2
/kaggle/input/cs-424-ass-1-wednesday-class/test/test/img_00427.png,2
/kaggle/input/cs-424-ass-1-wednesday-class/test/test/img_00428.png,3
/kaggle/input/cs-424-ass-1-wednesday-class/test/test/img_00429.png,3
/kaggle/input/cs-424-ass-1-wednesday-class/test/test/img_00430.png,0
/kaggle/input/cs-424-ass-1-wednesday-class/test/test/img_00431.png,0
/kaggle/input/cs-424-ass-1-wednesday-class/test/test/img_00432.png,0
/kaggle/input/cs-424-ass-1-wednesday-class/test/test/img_00433.png,7
/kaggle/input/cs-424-ass-1-wednesday-class/test/test/img_00434.png,3
/kaggle/input/cs-424-ass-1-wednesday-class/test/test/img_00435.png,0
/kaggle/input/cs-424-ass-1-wednesday-class/test/test/img_00436.png,3
/kaggle/input/cs-424-ass-1-wednesday-class/test/test/img_00437.png,4
/kaggle/input/cs-424-ass-1-wednesday-class/test/test/img_00438.png,4
/kaggle/input/cs-424-ass-1-wednesday-class/test/test/img_00439.png,0
/kaggle/input/cs-424-ass-1-wednesday-class/test/test/img_00440.png,0
/kaggle/input/cs-424-ass-1-wednesday-class/test/test/img_00441.png,4
/kaggle/input/cs-424-ass-1-wednesday-class/test/test/img_00442.png,3
/kaggle/input/cs-424-ass-1-wednesday-class/test/test/img_00443.png,0
/kaggle/input/cs-424-ass-1-wednesday-class/test/test/img_00444.png,0
/kaggle/input/cs-424-ass-1-wednesday-class/test/test/img_00445.png,4
/kaggle/input/cs-424-ass-1-wednesday-class/test/test/img_00446.png,0
/kaggle/input/cs-424-ass-1-wednesday-class/test/test/img_00447.png,4
/kaggle/input/cs-424-ass-1-wednesday-class/test/test/img_00448.png,0
/kaggle/input/cs-424-ass-1-wednesday-class/test/test/img_00449.png,0
/kaggle/input/cs-424-ass-1-wednesday-class/test/test/img_00450.png,4
/kaggle/input/cs-424-ass-1-wednesday-class/test/test/img_00451.png,4
/kaggle/input/cs-424-ass-1-wednesday-class/test/test/img_00452.png,0
/kaggle/input/cs-424-ass-1-wednesday-class/test/test/img_00453.png,0
/kaggle/input/cs-424-ass-1-wednesday-class/test/test/img_00454.png,0
/kaggle/input/cs-424-ass-1-wednesday-class/test/test/img_00455.png,3
/kaggle/input/cs-424-ass-1-wednesday-class/test/test/img_00456.png,3
/kaggle/input/cs-424-ass-1-wednesday-class/test/test/img_00457.png,3
/kaggle/input/cs-424-ass-1-wednesday-class/test/test/img_00458.png,0
/kaggle/input/cs-424-ass-1-wednesday-class/test/test/img_00459.png,0
/kaggle/input/cs-424-ass-1-wednesday-class/test/test/img_00460.png,7
/kaggle/input/cs-424-ass-1-wednesday-class/test/test/img_00461.png,9
/kaggle/input/cs-424-ass-1-wednesday-class/test/test/img_00462.png,1
/kaggle/input/cs-424-ass-1-wednesday-class/test/test/img_00463.png,7
/kaggle/input/cs-424-ass-1-wednesday-class/test/test/img_00464.png,4
/kaggle/input/cs-424-ass-1-wednesday-class/test/test/img_00465.png,0
/kaggle/input/cs-424-ass-1-wednesday-class/test/test/img_00466.png,4
/kaggle/input/cs-424-ass-1-wednesday-class/test/test/img_00467.png,4
/kaggle/input/cs-424-ass-1-wednesday-class/test/test/img_00468.png,0
/kaggle/input/cs-424-ass-1-wednesday-class/test/test/img_00469.png,0
/kaggle/input/cs-424-ass-1-wednesday-class/test/test/img_00470.png,0
/kaggle/input/cs-424-ass-1-wednesday-class/test/test/img_00471.png,7
/kaggle/input/cs-424-ass-1-wednesday-class/test/test/img_00472.png,1
/kaggle/input/cs-424-ass-1-wednesday-class/test/test/img_00473.png,0
/kaggle/input/cs-424-ass-1-wednesday-class/test/test/img_00474.png,0
/kaggle/input/cs-424-ass-1-wednesday-class/test/test/img_00475.png,0
/kaggle/input/cs-424-ass-1-wednesday-class/test/test/img_00476.png,0
/kaggle/input/cs-424-ass-1-wednesday-class/test/test/img_00477.png,4
/kaggle/input/cs-424-ass-1-wednesday-class/test/test/img_00478.png,3
/kaggle/input/cs-424-ass-1-wednesday-class/test/test/img_00479.png,7
/kaggle/input/cs-424-ass-1-wednesday-class/test/test/img_00480.png,4
/kaggle/input/cs-424-ass-1-wednesday-class/test/test/img_00481.png,2
/kaggle/input/cs-424-ass-1-wednesday-class/test/test/img_00482.png,2
/kaggle/input/cs-424-ass-1-wednesday-class/test/test/img_00483.png,0
/kaggle/input/cs-424-ass-1-wednesday-class/test/test/img_00484.png,0
/kaggle/input/cs-424-ass-1-wednesday-class/test/test/img_00485.png,7
/kaggle/input/cs-424-ass-1-wednesday-class/test/test/img_00486.png,0
/kaggle/input/cs-424-ass-1-wednesday-class/test/test/img_00487.png,0
/kaggle/input/cs-424-ass-1-wednesday-class/test/test/img_00488.png,4
/kaggle/input/cs-424-ass-1-wednesday-class/test/test/img_00489.png,3
/kaggle/input/cs-424-ass-1-wednesday-class/test/test/img_00490.png,7
/kaggle/input/cs-424-ass-1-wednesday-class/test/test/img_00491.png,4
/kaggle/input/cs-424-ass-1-wednesday-class/test/test/img_00492.png,0
/kaggle/input/cs-424-ass-1-wednesday-class/test/test/img_00493.png,0
/kaggle/input/cs-424-ass-1-wednesday-class/test/test/img_00494.png,1
/kaggle/input/cs-424-ass-1-wednesday-class/test/test/img_00495.png,7
/kaggle/input/cs-424-ass-1-wednesday-class/test/test/img_00496.png,3
/kaggle/input/cs-424-ass-1-wednesday-class/test/test/img_00497.png,0
/kaggle/input/cs-424-ass-1-wednesday-class/test/test/img_00498.png,1
/kaggle/input/cs-424-ass-1-wednesday-class/test/test/img_00499.png,4
/kaggle/input/cs-424-ass-1-wednesday-class/test/test/img_00500.png,3
/kaggle/input/cs-424-ass-1-wednesday-class/test/test/img_00501.png,4
/kaggle/input/cs-424-ass-1-wednesday-class/test/test/img_00502.png,7
/kaggle/input/cs-424-ass-1-wednesday-class/test/test/img_00503.png,4
/kaggle/input/cs-424-ass-1-wednesday-class/test/test/img_00504.png,3
/kaggle/input/cs-424-ass-1-wednesday-class/test/test/img_00505.png,3
/kaggle/input/cs-424-ass-1-wednesday-class/test/test/img_00506.png,7
/kaggle/input/cs-424-ass-1-wednesday-class/test/test/img_00507.png,2
/kaggle/input/cs-424-ass-1-wednesday-class/test/test/img_00508.png,0
/kaggle/input/cs-424-ass-1-wednesday-class/test/test/img_00509.png,3
/kaggle/input/cs-424-ass-1-wednesday-class/test/test/img_00510.png,2
/kaggle/input/cs-424-ass-1-wednesday-class/test/test/img_00511.png,5
/kaggle/input/cs-424-ass-1-wednesday-class/test/test/img_00512.png,7
/kaggle/input/cs-424-ass-1-wednesday-class/test/test/img_00513.png,0
/kaggle/input/cs-424-ass-1-wednesday-class/test/test/img_00514.png,7
/kaggle/input/cs-424-ass-1-wednesday-class/test/test/img_00515.png,4
/kaggle/input/cs-424-ass-1-wednesday-class/test/test/img_00516.png,0
/kaggle/input/cs-424-ass-1-wednesday-class/test/test/img_00517.png,0
/kaggle/input/cs-424-ass-1-wednesday-class/test/test/img_00518.png,3
/kaggle/input/cs-424-ass-1-wednesday-class/test/test/img_00519.png,4
/kaggle/input/cs-424-ass-1-wednesday-class/test/test/img_00520.png,0
/kaggle/input/cs-424-ass-1-wednesday-class/test/test/img_00521.png,0
/kaggle/input/cs-424-ass-1-wednesday-class/test/test/img_00522.png,1
/kaggle/input/cs-424-ass-1-wednesday-class/test/test/img_00523.png,0
/kaggle/input/cs-424-ass-1-wednesday-class/test/test/img_00524.png,4
/kaggle/input/cs-424-ass-1-wednesday-class/test/test/img_00525.png,4
/kaggle/input/cs-424-ass-1-wednesday-class/test/test/img_00526.png,0
/kaggle/input/cs-424-ass-1-wednesday-class/test/test/img_00527.png,0
/kaggle/input/cs-424-ass-1-wednesday-class/test/test/img_00528.png,3
/kaggle/input/cs-424-ass-1-wednesday-class/test/test/img_00529.png,0
/kaggle/input/cs-424-ass-1-wednesday-class/test/test/img_00530.png,7
/kaggle/input/cs-424-ass-1-wednesday-class/test/test/img_00531.png,7
/kaggle/input/cs-424-ass-1-wednesday-class/test/test/img_00532.png,0
/kaggle/input/cs-424-ass-1-wednesday-class/test/test/img_00533.png,4
/kaggle/input/cs-424-ass-1-wednesday-class/test/test/img_00534.png,4
/kaggle/input/cs-424-ass-1-wednesday-class/test/test/img_00535.png,1
/kaggle/input/cs-424-ass-1-wednesday-class/test/test/img_00536.png,3
/kaggle/input/cs-424-ass-1-wednesday-class/test/test/img_00537.png,7
/kaggle/input/cs-424-ass-1-wednesday-class/test/test/img_00538.png,0
/kaggle/input/cs-424-ass-1-wednesday-class/test/test/img_00539.png,4
/kaggle/input/cs-424-ass-1-wednesday-class/test/test/img_00540.png,3
/kaggle/input/cs-424-ass-1-wednesday-class/test/test/img_00541.png,4
/kaggle/input/cs-424-ass-1-wednesday-class/test/test/img_00542.png,7
/kaggle/input/cs-424-ass-1-wednesday-class/test/test/img_00543.png,7
/kaggle/input/cs-424-ass-1-wednesday-class/test/test/img_00544.png,4
/kaggle/input/cs-424-ass-1-wednesday-class/test/test/img_00545.png,2
/kaggle/input/cs-424-ass-1-wednesday-class/test/test/img_00546.png,3
/kaggle/input/cs-424-ass-1-wednesday-class/test/test/img_00547.png,1
/kaggle/input/cs-424-ass-1-wednesday-class/test/test/img_00548.png,0
/kaggle/input/cs-424-ass-1-wednesday-class/test/test/img_00549.png,4
/kaggle/input/cs-424-ass-1-wednesday-class/test/test/img_00550.png,3
/kaggle/input/cs-424-ass-1-wednesday-class/test/test/img_00551.png,3
/kaggle/input/cs-424-ass-1-wednesday-class/test/test/img_00552.png,7
/kaggle/input/cs-424-ass-1-wednesday-class/test/test/img_00553.png,7
/kaggle/input/cs-424-ass-1-wednesday-class/test/test/img_00554.png,7
/kaggle/input/cs-424-ass-1-wednesday-class/test/test/img_00555.png,4
/kaggle/input/cs-424-ass-1-wednesday-class/test/test/img_00556.png,4
/kaggle/input/cs-424-ass-1-wednesday-class/test/test/img_00557.png,2
/kaggle/input/cs-424-ass-1-wednesday-class/test/test/img_00558.png,7
/kaggle/input/cs-424-ass-1-wednesday-class/test/test/img_00559.png,0
/kaggle/input/cs-424-ass-1-wednesday-class/test/test/img_00560.png,3
/kaggle/input/cs-424-ass-1-wednesday-class/test/test/img_00561.png,3
/kaggle/input/cs-424-ass-1-wednesday-class/test/test/img_00562.png,7
/kaggle/input/cs-424-ass-1-wednesday-class/test/test/img_00563.png,1
/kaggle/input/cs-424-ass-1-wednesday-class/test/test/img_00564.png,1
/kaggle/input/cs-424-ass-1-wednesday-class/test/test/img_00565.png,4
/kaggle/input/cs-424-ass-1-wednesday-class/test/test/img_00566.png,3
/kaggle/input/cs-424-ass-1-wednesday-class/test/test/img_00567.png,7
/kaggle/input/cs-424-ass-1-wednesday-class/test/test/img_00568.png,2
/kaggle/input/cs-424-ass-1-wednesday-class/test/test/img_00569.png,4
/kaggle/input/cs-424-ass-1-wednesday-class/test/test/img_00570.png,0
/kaggle/input/cs-424-ass-1-wednesday-class/test/test/img_00571.png,0
/kaggle/input/cs-424-ass-1-wednesday-class/test/test/img_00572.png,9
/kaggle/input/cs-424-ass-1-wednesday-class/test/test/img_00573.png,3
/kaggle/input/cs-424-ass-1-wednesday-class/test/test/img_00574.png,0
/kaggle/input/cs-424-ass-1-wednesday-class/test/test/img_00575.png,0
/kaggle/input/cs-424-ass-1-wednesday-class/test/test/img_00576.png,4
/kaggle/input/cs-424-ass-1-wednesday-class/test/test/img_00577.png,7
/kaggle/input/cs-424-ass-1-wednesday-class/test/test/img_00578.png,3
/kaggle/input/cs-424-ass-1-wednesday-class/test/test/img_00579.png,4
/kaggle/input/cs-424-ass-1-wednesday-class/test/test/img_00580.png,3
/kaggle/input/cs-424-ass-1-wednesday-class/test/test/img_00581.png,3
/kaggle/input/cs-424-ass-1-wednesday-class/test/test/img_00582.png,7
/kaggle/input/cs-424-ass-1-wednesday-class/test/test/img_00583.png,3
/kaggle/input/cs-424-ass-1-wednesday-class/test/test/img_00584.png,4
/kaggle/input/cs-424-ass-1-wednesday-class/test/test/img_00585.png,6
/kaggle/input/cs-424-ass-1-wednesday-class/test/test/img_00586.png,0
/kaggle/input/cs-424-ass-1-wednesday-class/test/test/img_00587.png,5
/kaggle/input/cs-424-ass-1-wednesday-class/test/test/img_00588.png,7
/kaggle/input/cs-424-ass-1-wednesday-class/test/test/img_00589.png,4
/kaggle/input/cs-424-ass-1-wednesday-class/test/test/img_00590.png,0
/kaggle/input/cs-424-ass-1-wednesday-class/test/test/img_00591.png,4
/kaggle/input/cs-424-ass-1-wednesday-class/test/test/img_00592.png,4
/kaggle/input/cs-424-ass-1-wednesday-class/test/test/img_00593.png,3
/kaggle/input/cs-424-ass-1-wednesday-class/test/test/img_00594.png,4
/kaggle/input/cs-424-ass-1-wednesday-class/test/test/img_00595.png,0
/kaggle/input/cs-424-ass-1-wednesday-class/test/test/img_00596.png,3
/kaggle/input/cs-424-ass-1-wednesday-class/test/test/img_00597.png,4
/kaggle/input/cs-424-ass-1-wednesday-class/test/test/img_00598.png,7
/kaggle/input/cs-424-ass-1-wednesday-class/test/test/img_00599.png,7
/kaggle/input/cs-424-ass-1-wednesday-class/test/test/img_00600.png,7
/kaggle/input/cs-424-ass-1-wednesday-class/test/test/img_00601.png,7
/kaggle/input/cs-424-ass-1-wednesday-class/test/test/img_00602.png,0
/kaggle/input/cs-424-ass-1-wednesday-class/test/test/img_00603.png,0
/kaggle/input/cs-424-ass-1-wednesday-class/test/test/img_00604.png,7
/kaggle/input/cs-424-ass-1-wednesday-class/test/test/img_00605.png,3
/kaggle/input/cs-424-ass-1-wednesday-class/test/test/img_00606.png,4
/kaggle/input/cs-424-ass-1-wednesday-class/test/test/img_00607.png,0
/kaggle/input/cs-424-ass-1-wednesday-class/test/test/img_00608.png,7
/kaggle/input/cs-424-ass-1-wednesday-class/test/test/img_00609.png,3
/kaggle/input/cs-424-ass-1-wednesday-class/test/test/img_00610.png,3
/kaggle/input/cs-424-ass-1-wednesday-class/test/test/img_00611.png,6
/kaggle/input/cs-424-ass-1-wednesday-class/test/test/img_00612.png,0
/kaggle/input/cs-424-ass-1-wednesday-class/test/test/img_00613.png,0
/kaggle/input/cs-424-ass-1-wednesday-class/test/test/img_00614.png,7
/kaggle/input/cs-424-ass-1-wednesday-class/test/test/img_00615.png,0
/kaggle/input/cs-424-ass-1-wednesday-class/test/test/img_00616.png,4
/kaggle/input/cs-424-ass-1-wednesday-class/test/test/img_00617.png,2
/kaggle/input/cs-424-ass-1-wednesday-class/test/test/img_00618.png,0
/kaggle/input/cs-424-ass-1-wednesday-class/test/test/img_00619.png,7
/kaggle/input/cs-424-ass-1-wednesday-class/test/test/img_00620.png,1
/kaggle/input/cs-424-ass-1-wednesday-class/test/test/img_00621.png,7
/kaggle/input/cs-424-ass-1-wednesday-class/test/test/img_00622.png,0
/kaggle/input/cs-424-ass-1-wednesday-class/test/test/img_00623.png,3
/kaggle/input/cs-424-ass-1-wednesday-class/test/test/img_00624.png,3
/kaggle/input/cs-424-ass-1-wednesday-class/test/test/img_00625.png,3
/kaggle/input/cs-424-ass-1-wednesday-class/test/test/img_00626.png,3
/kaggle/input/cs-424-ass-1-wednesday-class/test/test/img_00627.png,4
/kaggle/input/cs-424-ass-1-wednesday-class/test/test/img_00628.png,3
/kaggle/input/cs-424-ass-1-wednesday-class/test/test/img_00629.png,7
/kaggle/input/cs-424-ass-1-wednesday-class/test/test/img_00630.png,7
/kaggle/input/cs-424-ass-1-wednesday-class/test/test/img_00631.png,3
/kaggle/input/cs-424-ass-1-wednesday-class/test/test/img_00632.png,3
/kaggle/input/cs-424-ass-1-wednesday-class/test/test/img_00633.png,3
/kaggle/input/cs-424-ass-1-wednesday-class/test/test/img_00634.png,3
/kaggle/input/cs-424-ass-1-wednesday-class/test/test/img_00635.png,7
/kaggle/input/cs-424-ass-1-wednesday-class/test/test/img_00636.png,3
/kaggle/input/cs-424-ass-1-wednesday-class/test/test/img_00637.png,0
/kaggle/input/cs-424-ass-1-wednesday-class/test/test/img_00638.png,0
/kaggle/input/cs-424-ass-1-wednesday-class/test/test/img_00639.png,7
/kaggle/input/cs-424-ass-1-wednesday-class/test/test/img_00640.png,3
/kaggle/input/cs-424-ass-1-wednesday-class/test/test/img_00641.png,0
/kaggle/input/cs-424-ass-1-wednesday-class/test/test/img_00642.png,7
/kaggle/input/cs-424-ass-1-wednesday-class/test/test/img_00643.png,6
/kaggle/input/cs-424-ass-1-wednesday-class/test/test/img_00644.png,0
/kaggle/input/cs-424-ass-1-wednesday-class/test/test/img_00645.png,7
/kaggle/input/cs-424-ass-1-wednesday-class/test/test/img_00646.png,0
/kaggle/input/cs-424-ass-1-wednesday-class/test/test/img_00647.png,3
/kaggle/input/cs-424-ass-1-wednesday-class/test/test/img_00648.png,0
/kaggle/input/cs-424-ass-1-wednesday-class/test/test/img_00649.png,0
/kaggle/input/cs-424-ass-1-wednesday-class/test/test/img_00650.png,0
/kaggle/input/cs-424-ass-1-wednesday-class/test/test/img_00651.png,0
/kaggle/input/cs-424-ass-1-wednesday-class/test/test/img_00652.png,0
/kaggle/input/cs-424-ass-1-wednesday-class/test/test/img_00653.png,3
/kaggle/input/cs-424-ass-1-wednesday-class/test/test/img_00654.png,7
/kaggle/input/cs-424-ass-1-wednesday-class/test/test/img_00655.png,7
/kaggle/input/cs-424-ass-1-wednesday-class/test/test/img_00656.png,7
/kaggle/input/cs-424-ass-1-wednesday-class/test/test/img_00657.png,2
/kaggle/input/cs-424-ass-1-wednesday-class/test/test/img_00658.png,0
/kaggle/input/cs-424-ass-1-wednesday-class/test/test/img_00659.png,4
/kaggle/input/cs-424-ass-1-wednesday-class/test/test/img_00660.png,0
/kaggle/input/cs-424-ass-1-wednesday-class/test/test/img_00661.png,0
/kaggle/input/cs-424-ass-1-wednesday-class/test/test/img_00662.png,7
/kaggle/input/cs-424-ass-1-wednesday-class/test/test/img_00663.png,3
/kaggle/input/cs-424-ass-1-wednesday-class/test/test/img_00664.png,2
/kaggle/input/cs-424-ass-1-wednesday-class/test/test/img_00665.png,4
/kaggle/input/cs-424-ass-1-wednesday-class/test/test/img_00666.png,0
/kaggle/input/cs-424-ass-1-wednesday-class/test/test/img_00667.png,3
/kaggle/input/cs-424-ass-1-wednesday-class/test/test/img_00668.png,0
/kaggle/input/cs-424-ass-1-wednesday-class/test/test/img_00669.png,4
/kaggle/input/cs-424-ass-1-wednesday-class/test/test/img_00670.png,7
/kaggle/input/cs-424-ass-1-wednesday-class/test/test/img_00671.png,7
/kaggle/input/cs-424-ass-1-wednesday-class/test/test/img_00672.png,0
/kaggle/input/cs-424-ass-1-wednesday-class/test/test/img_00673.png,0
/kaggle/input/cs-424-ass-1-wednesday-class/test/test/img_00674.png,7
/kaggle/input/cs-424-ass-1-wednesday-class/test/test/img_00675.png,7
/kaggle/input/cs-424-ass-1-wednesday-class/test/test/img_00676.png,3
/kaggle/input/cs-424-ass-1-wednesday-class/test/test/img_00677.png,1
/kaggle/input/cs-424-ass-1-wednesday-class/test/test/img_00678.png,0
/kaggle/input/cs-424-ass-1-wednesday-class/test/test/img_00679.png,4
/kaggle/input/cs-424-ass-1-wednesday-class/test/test/img_00680.png,7
/kaggle/input/cs-424-ass-1-wednesday-class/test/test/img_00681.png,7
/kaggle/input/cs-424-ass-1-wednesday-class/test/test/img_00682.png,3
/kaggle/input/cs-424-ass-1-wednesday-class/test/test/img_00683.png,0
/kaggle/input/cs-424-ass-1-wednesday-class/test/test/img_00684.png,4
/kaggle/input/cs-424-ass-1-wednesday-class/test/test/img_00685.png,7
/kaggle/input/cs-424-ass-1-wednesday-class/test/test/img_00686.png,7
/kaggle/input/cs-424-ass-1-wednesday-class/test/test/img_00687.png,3
/kaggle/input/cs-424-ass-1-wednesday-class/test/test/img_00688.png,7
/kaggle/input/cs-424-ass-1-wednesday-class/test/test/img_00689.png,0
/kaggle/input/cs-424-ass-1-wednesday-class/test/test/img_00690.png,6
/kaggle/input/cs-424-ass-1-wednesday-class/test/test/img_00691.png,7
/kaggle/input/cs-424-ass-1-wednesday-class/test/test/img_00692.png,4
/kaggle/input/cs-424-ass-1-wednesday-class/test/test/img_00693.png,1
/kaggle/input/cs-424-ass-1-wednesday-class/test/test/img_00694.png,4
/kaggle/input/cs-424-ass-1-wednesday-class/test/test/img_00695.png,7
/kaggle/input/cs-424-ass-1-wednesday-class/test/test/img_00696.png,4
/kaggle/input/cs-424-ass-1-wednesday-class/test/test/img_00697.png,4
/kaggle/input/cs-424-ass-1-wednesday-class/test/test/img_00698.png,4
/kaggle/input/cs-424-ass-1-wednesday-class/test/test/img_00699.png,7
/kaggle/input/cs-424-ass-1-wednesday-class/test/test/img_00700.png,4
/kaggle/input/cs-424-ass-1-wednesday-class/test/test/img_00701.png,4
/kaggle/input/cs-424-ass-1-wednesday-class/test/test/img_00702.png,0
/kaggle/input/cs-424-ass-1-wednesday-class/test/test/img_00703.png,0
/kaggle/input/cs-424-ass-1-wednesday-class/test/test/img_00704.png,3
/kaggle/input/cs-424-ass-1-wednesday-class/test/test/img_00705.png,2
/kaggle/input/cs-424-ass-1-wednesday-class/test/test/img_00706.png,4
/kaggle/input/cs-424-ass-1-wednesday-class/test/test/img_00707.png,4
/kaggle/input/cs-424-ass-1-wednesday-class/test/test/img_00708.png,7
/kaggle/input/cs-424-ass-1-wednesday-class/test/test/img_00709.png,4
/kaggle/input/cs-424-ass-1-wednesday-class/test/test/img_00710.png,7
/kaggle/input/cs-424-ass-1-wednesday-class/test/test/img_00711.png,3
/kaggle/input/cs-424-ass-1-wednesday-class/test/test/img_00712.png,0
/kaggle/input/cs-424-ass-1-wednesday-class/test/test/img_00713.png,2
/kaggle/input/cs-424-ass-1-wednesday-class/test/test/img_00714.png,4
/kaggle/input/cs-424-ass-1-wednesday-class/test/test/img_00715.png,3
/kaggle/input/cs-424-ass-1-wednesday-class/test/test/img_00716.png,1
/kaggle/input/cs-424-ass-1-wednesday-class/test/test/img_00717.png,5
/kaggle/input/cs-424-ass-1-wednesday-class/test/test/img_00718.png,4
/kaggle/input/cs-424-ass-1-wednesday-class/test/test/img_00719.png,3
/kaggle/input/cs-424-ass-1-wednesday-class/test/test/img_00720.png,3
/kaggle/input/cs-424-ass-1-wednesday-class/test/test/img_00721.png,0
/kaggle/input/cs-424-ass-1-wednesday-class/test/test/img_00722.png,0
/kaggle/input/cs-424-ass-1-wednesday-class/test/test/img_00723.png,7
/kaggle/input/cs-424-ass-1-wednesday-class/test/test/img_00724.png,0
/kaggle/input/cs-424-ass-1-wednesday-class/test/test/img_00725.png,1
/kaggle/input/cs-424-ass-1-wednesday-class/test/test/img_00726.png,3
/kaggle/input/cs-424-ass-1-wednesday-class/test/test/img_00727.png,3
/kaggle/input/cs-424-ass-1-wednesday-class/test/test/img_00728.png,3
/kaggle/input/cs-424-ass-1-wednesday-class/test/test/img_00729.png,7
/kaggle/input/cs-424-ass-1-wednesday-class/test/test/img_00730.png,4
/kaggle/input/cs-424-ass-1-wednesday-class/test/test/img_00731.png,3
/kaggle/input/cs-424-ass-1-wednesday-class/test/test/img_00732.png,7
/kaggle/input/cs-424-ass-1-wednesday-class/test/test/img_00733.png,0
/kaggle/input/cs-424-ass-1-wednesday-class/test/test/img_00734.png,0
/kaggle/input/cs-424-ass-1-wednesday-class/test/test/img_00735.png,3
/kaggle/input/cs-424-ass-1-wednesday-class/test/test/img_00736.png,4
/kaggle/input/cs-424-ass-1-wednesday-class/test/test/img_00737.png,7
/kaggle/input/cs-424-ass-1-wednesday-class/test/test/img_00738.png,0
/kaggle/input/cs-424-ass-1-wednesday-class/test/test/img_00739.png,3
/kaggle/input/cs-424-ass-1-wednesday-class/test/test/img_00740.png,3
/kaggle/input/cs-424-ass-1-wednesday-class/test/test/img_00741.png,4
/kaggle/input/cs-424-ass-1-wednesday-class/test/test/img_00742.png,1
/kaggle/input/cs-424-ass-1-wednesday-class/test/test/img_00743.png,0
/kaggle/input/cs-424-ass-1-wednesday-class/test/test/img_00744.png,3
/kaggle/input/cs-424-ass-1-wednesday-class/test/test/img_00745.png,1
/kaggle/input/cs-424-ass-1-wednesday-class/test/test/img_00746.png,7
/kaggle/input/cs-424-ass-1-wednesday-class/test/test/img_00747.png,4
/kaggle/input/cs-424-ass-1-wednesday-class/test/test/img_00748.png,3
/kaggle/input/cs-424-ass-1-wednesday-class/test/test/img_00749.png,0
/kaggle/input/cs-424-ass-1-wednesday-class/test/test/img_00750.png,7
/kaggle/input/cs-424-ass-1-wednesday-class/test/test/img_00751.png,4
/kaggle/input/cs-424-ass-1-wednesday-class/test/test/img_00752.png,1
/kaggle/input/cs-424-ass-1-wednesday-class/test/test/img_00753.png,7
/kaggle/input/cs-424-ass-1-wednesday-class/test/test/img_00754.png,0
/kaggle/input/cs-424-ass-1-wednesday-class/test/test/img_00755.png,0
/kaggle/input/cs-424-ass-1-wednesday-class/test/test/img_00756.png,0
/kaggle/input/cs-424-ass-1-wednesday-class/test/test/img_00757.png,0
/kaggle/input/cs-424-ass-1-wednesday-class/test/test/img_00758.png,3
/kaggle/input/cs-424-ass-1-wednesday-class/test/test/img_00759.png,0
/kaggle/input/cs-424-ass-1-wednesday-class/test/test/img_00760.png,7
/kaggle/input/cs-424-ass-1-wednesday-class/test/test/img_00761.png,3
/kaggle/input/cs-424-ass-1-wednesday-class/test/test/img_00762.png,7
/kaggle/input/cs-424-ass-1-wednesday-class/test/test/img_00763.png,7
/kaggle/input/cs-424-ass-1-wednesday-class/test/test/img_00764.png,0
/kaggle/input/cs-424-ass-1-wednesday-class/test/test/img_00765.png,7
/kaggle/input/cs-424-ass-1-wednesday-class/test/test/img_00766.png,4
/kaggle/input/cs-424-ass-1-wednesday-class/test/test/img_00767.png,0
/kaggle/input/cs-424-ass-1-wednesday-class/test/test/img_00768.png,4
/kaggle/input/cs-424-ass-1-wednesday-class/test/test/img_00769.png,3
/kaggle/input/cs-424-ass-1-wednesday-class/test/test/img_00770.png,7
/kaggle/input/cs-424-ass-1-wednesday-class/test/test/img_00771.png,1
/kaggle/input/cs-424-ass-1-wednesday-class/test/test/img_00772.png,3
/kaggle/input/cs-424-ass-1-wednesday-class/test/test/img_00773.png,4
/kaggle/input/cs-424-ass-1-wednesday-class/test/test/img_00774.png,7
/kaggle/input/cs-424-ass-1-wednesday-class/test/test/img_00775.png,3
/kaggle/input/cs-424-ass-1-wednesday-class/test/test/img_00776.png,4
/kaggle/input/cs-424-ass-1-wednesday-class/test/test/img_00777.png,0
/kaggle/input/cs-424-ass-1-wednesday-class/test/test/img_00778.png,4
/kaggle/input/cs-424-ass-1-wednesday-class/test/test/img_00779.png,7
/kaggle/input/cs-424-ass-1-wednesday-class/test/test/img_00780.png,6
/kaggle/input/cs-424-ass-1-wednesday-class/test/test/img_00781.png,1
/kaggle/input/cs-424-ass-1-wednesday-class/test/test/img_00782.png,4
/kaggle/input/cs-424-ass-1-wednesday-class/test/test/img_00783.png,2
/kaggle/input/cs-424-ass-1-wednesday-class/test/test/img_00784.png,3
/kaggle/input/cs-424-ass-1-wednesday-class/test/test/img_00785.png,3
/kaggle/input/cs-424-ass-1-wednesday-class/test/test/img_00786.png,3
/kaggle/input/cs-424-ass-1-wednesday-class/test/test/img_00787.png,4
/kaggle/input/cs-424-ass-1-wednesday-class/test/test/img_00788.png,7
/kaggle/input/cs-424-ass-1-wednesday-class/test/test/img_00789.png,0
/kaggle/input/cs-424-ass-1-wednesday-class/test/test/img_00790.png,4
/kaggle/input/cs-424-ass-1-wednesday-class/test/test/img_00791.png,0
/kaggle/input/cs-424-ass-1-wednesday-class/test/test/img_00792.png,3
/kaggle/input/cs-424-ass-1-wednesday-class/test/test/img_00793.png,4
/kaggle/input/cs-424-ass-1-wednesday-class/test/test/img_00794.png,0
/kaggle/input/cs-424-ass-1-wednesday-class/test/test/img_00795.png,7
/kaggle/input/cs-424-ass-1-wednesday-class/test/test/img_00796.png,4
/kaggle/input/cs-424-ass-1-wednesday-class/test/test/img_00797.png,4
/kaggle/input/cs-424-ass-1-wednesday-class/test/test/img_00798.png,1
/kaggle/input/cs-424-ass-1-wednesday-class/test/test/img_00799.png,7
/kaggle/input/cs-424-ass-1-wednesday-class/test/test/img_00800.png,3
/kaggle/input/cs-424-ass-1-wednesday-class/test/test/img_00801.png,4
/kaggle/input/cs-424-ass-1-wednesday-class/test/test/img_00802.png,0
/kaggle/input/cs-424-ass-1-wednesday-class/test/test/img_00803.png,7
/kaggle/input/cs-424-ass-1-wednesday-class/test/test/img_00804.png,3
/kaggle/input/cs-424-ass-1-wednesday-class/test/test/img_00805.png,0
/kaggle/input/cs-424-ass-1-wednesday-class/test/test/img_00806.png,7
/kaggle/input/cs-424-ass-1-wednesday-class/test/test/img_00807.png,0
/kaggle/input/cs-424-ass-1-wednesday-class/test/test/img_00808.png,3
/kaggle/input/cs-424-ass-1-wednesday-class/test/test/img_00809.png,0
/kaggle/input/cs-424-ass-1-wednesday-class/test/test/img_00810.png,0
/kaggle/input/cs-424-ass-1-wednesday-class/test/test/img_00811.png,3
/kaggle/input/cs-424-ass-1-wednesday-class/test/test/img_00812.png,0
/kaggle/input/cs-424-ass-1-wednesday-class/test/test/img_00813.png,4
/kaggle/input/cs-424-ass-1-wednesday-class/test/test/img_00814.png,0
/kaggle/input/cs-424-ass-1-wednesday-class/test/test/img_00815.png,3
/kaggle/input/cs-424-ass-1-wednesday-class/test/test/img_00816.png,7
/kaggle/input/cs-424-ass-1-wednesday-class/test/test/img_00817.png,0
/kaggle/input/cs-424-ass-1-wednesday-class/test/test/img_00818.png,3
/kaggle/input/cs-424-ass-1-wednesday-class/test/test/img_00819.png,0
/kaggle/input/cs-424-ass-1-wednesday-class/test/test/img_00820.png,7
/kaggle/input/cs-424-ass-1-wednesday-class/test/test/img_00821.png,0
/kaggle/input/cs-424-ass-1-wednesday-class/test/test/img_00822.png,7
/kaggle/input/cs-424-ass-1-wednesday-class/test/test/img_00823.png,4
/kaggle/input/cs-424-ass-1-wednesday-class/test/test/img_00824.png,2
/kaggle/input/cs-424-ass-1-wednesday-class/test/test/img_00825.png,8
/kaggle/input/cs-424-ass-1-wednesday-class/test/test/img_00826.png,0
/kaggle/input/cs-424-ass-1-wednesday-class/test/test/img_00827.png,1
/kaggle/input/cs-424-ass-1-wednesday-class/test/test/img_00828.png,7
/kaggle/input/cs-424-ass-1-wednesday-class/test/test/img_00829.png,0
/kaggle/input/cs-424-ass-1-wednesday-class/test/test/img_00830.png,3
/kaggle/input/cs-424-ass-1-wednesday-class/test/test/img_00831.png,0
/kaggle/input/cs-424-ass-1-wednesday-class/test/test/img_00832.png,4
/kaggle/input/cs-424-ass-1-wednesday-class/test/test/img_00833.png,3
/kaggle/input/cs-424-ass-1-wednesday-class/test/test/img_00834.png,7
/kaggle/input/cs-424-ass-1-wednesday-class/test/test/img_00835.png,9
/kaggle/input/cs-424-ass-1-wednesday-class/test/test/img_00836.png,7
/kaggle/input/cs-424-ass-1-wednesday-class/test/test/img_00837.png,4
/kaggle/input/cs-424-ass-1-wednesday-class/test/test/img_00838.png,0
/kaggle/input/cs-424-ass-1-wednesday-class/test/test/img_00839.png,7
/kaggle/input/cs-424-ass-1-wednesday-class/test/test/img_00840.png,0
/kaggle/input/cs-424-ass-1-wednesday-class/test/test/img_00841.png,6
/kaggle/input/cs-424-ass-1-wednesday-class/test/test/img_00842.png,3
/kaggle/input/cs-424-ass-1-wednesday-class/test/test/img_00843.png,3
/kaggle/input/cs-424-ass-1-wednesday-class/test/test/img_00844.png,3
/kaggle/input/cs-424-ass-1-wednesday-class/test/test/img_00845.png,0
/kaggle/input/cs-424-ass-1-wednesday-class/test/test/img_00846.png,7
/kaggle/input/cs-424-ass-1-wednesday-class/test/test/img_00847.png,7
/kaggle/input/cs-424-ass-1-wednesday-class/test/test/img_00848.png,4
/kaggle/input/cs-424-ass-1-wednesday-class/test/test/img_00849.png,4
/kaggle/input/cs-424-ass-1-wednesday-class/test/test/img_00850.png,7
/kaggle/input/cs-424-ass-1-wednesday-class/test/test/img_00851.png,2
/kaggle/input/cs-424-ass-1-wednesday-class/test/test/img_00852.png,0
/kaggle/input/cs-424-ass-1-wednesday-class/test/test/img_00853.png,2
/kaggle/input/cs-424-ass-1-wednesday-class/test/test/img_00854.png,1
/kaggle/input/cs-424-ass-1-wednesday-class/test/test/img_00855.png,2
/kaggle/input/cs-424-ass-1-wednesday-class/test/test/img_00856.png,4
/kaggle/input/cs-424-ass-1-wednesday-class/test/test/img_00857.png,7
/kaggle/input/cs-424-ass-1-wednesday-class/test/test/img_00858.png,0
/kaggle/input/cs-424-ass-1-wednesday-class/test/test/img_00859.png,1
/kaggle/input/cs-424-ass-1-wednesday-class/test/test/img_00860.png,0
/kaggle/input/cs-424-ass-1-wednesday-class/test/test/img_00861.png,0
/kaggle/input/cs-424-ass-1-wednesday-class/test/test/img_00862.png,7
/kaggle/input/cs-424-ass-1-wednesday-class/test/test/img_00863.png,1
/kaggle/input/cs-424-ass-1-wednesday-class/test/test/img_00864.png,0
/kaggle/input/cs-424-ass-1-wednesday-class/test/test/img_00865.png,3
/kaggle/input/cs-424-ass-1-wednesday-class/test/test/img_00866.png,4
/kaggle/input/cs-424-ass-1-wednesday-class/test/test/img_00867.png,4
/kaggle/input/cs-424-ass-1-wednesday-class/test/test/img_00868.png,3
/kaggle/input/cs-424-ass-1-wednesday-class/test/test/img_00869.png,4
/kaggle/input/cs-424-ass-1-wednesday-class/test/test/img_00870.png,3
/kaggle/input/cs-424-ass-1-wednesday-class/test/test/img_00871.png,2
/kaggle/input/cs-424-ass-1-wednesday-class/test/test/img_00872.png,0
/kaggle/input/cs-424-ass-1-wednesday-class/test/test/img_00873.png,0
/kaggle/input/cs-424-ass-1-wednesday-class/test/test/img_00874.png,0
/kaggle/input/cs-424-ass-1-wednesday-class/test/test/img_00875.png,0
/kaggle/input/cs-424-ass-1-wednesday-class/test/test/img_00876.png,4
/kaggle/input/cs-424-ass-1-wednesday-class/test/test/img_00877.png,7
/kaggle/input/cs-424-ass-1-wednesday-class/test/test/img_00878.png,4
/kaggle/input/cs-424-ass-1-wednesday-class/test/test/img_00879.png,0
/kaggle/input/cs-424-ass-1-wednesday-class/test/test/img_00880.png,3
/kaggle/input/cs-424-ass-1-wednesday-class/test/test/img_00881.png,7
/kaggle/input/cs-424-ass-1-wednesday-class/test/test/img_00882.png,1
/kaggle/input/cs-424-ass-1-wednesday-class/test/test/img_00883.png,0
/kaggle/input/cs-424-ass-1-wednesday-class/test/test/img_00884.png,0
/kaggle/input/cs-424-ass-1-wednesday-class/test/test/img_00885.png,5
/kaggle/input/cs-424-ass-1-wednesday-class/test/test/img_00886.png,9
/kaggle/input/cs-424-ass-1-wednesday-class/test/test/img_00887.png,3
/kaggle/input/cs-424-ass-1-wednesday-class/test/test/img_00888.png,7
/kaggle/input/cs-424-ass-1-wednesday-class/test/test/img_00889.png,4
/kaggle/input/cs-424-ass-1-wednesday-class/test/test/img_00890.png,7
/kaggle/input/cs-424-ass-1-wednesday-class/test/test/img_00891.png,7
/kaggle/input/cs-424-ass-1-wednesday-class/test/test/img_00892.png,0
/kaggle/input/cs-424-ass-1-wednesday-class/test/test/img_00893.png,3
/kaggle/input/cs-424-ass-1-wednesday-class/test/test/img_00894.png,3
/kaggle/input/cs-424-ass-1-wednesday-class/test/test/img_00895.png,3
/kaggle/input/cs-424-ass-1-wednesday-class/test/test/img_00896.png,0
/kaggle/input/cs-424-ass-1-wednesday-class/test/test/img_00897.png,4
/kaggle/input/cs-424-ass-1-wednesday-class/test/test/img_00898.png,3
/kaggle/input/cs-424-ass-1-wednesday-class/test/test/img_00899.png,7
/kaggle/input/cs-424-ass-1-wednesday-class/test/test/img_00900.png,7
/kaggle/input/cs-424-ass-1-wednesday-class/test/test/img_00901.png,7
/kaggle/input/cs-424-ass-1-wednesday-class/test/test/img_00902.png,1
/kaggle/input/cs-424-ass-1-wednesday-class/test/test/img_00903.png,8
/kaggle/input/cs-424-ass-1-wednesday-class/test/test/img_00904.png,0
/kaggle/input/cs-424-ass-1-wednesday-class/test/test/img_00905.png,4
/kaggle/input/cs-424-ass-1-wednesday-class/test/test/img_00906.png,4
/kaggle/input/cs-424-ass-1-wednesday-class/test/test/img_00907.png,2
/kaggle/input/cs-424-ass-1-wednesday-class/test/test/img_00908.png,3
/kaggle/input/cs-424-ass-1-wednesday-class/test/test/img_00909.png,4
/kaggle/input/cs-424-ass-1-wednesday-class/test/test/img_00910.png,4
/kaggle/input/cs-424-ass-1-wednesday-class/test/test/img_00911.png,0
/kaggle/input/cs-424-ass-1-wednesday-class/test/test/img_00912.png,7
/kaggle/input/cs-424-ass-1-wednesday-class/test/test/img_00913.png,0
/kaggle/input/cs-424-ass-1-wednesday-class/test/test/img_00914.png,3
/kaggle/input/cs-424-ass-1-wednesday-class/test/test/img_00915.png,2
/kaggle/input/cs-424-ass-1-wednesday-class/test/test/img_00916.png,7
/kaggle/input/cs-424-ass-1-wednesday-class/test/test/img_00917.png,0
/kaggle/input/cs-424-ass-1-wednesday-class/test/test/img_00918.png,3
/kaggle/input/cs-424-ass-1-wednesday-class/test/test/img_00919.png,7
/kaggle/input/cs-424-ass-1-wednesday-class/test/test/img_00920.png,4
/kaggle/input/cs-424-ass-1-wednesday-class/test/test/img_00921.png,0
/kaggle/input/cs-424-ass-1-wednesday-class/test/test/img_00922.png,7
/kaggle/input/cs-424-ass-1-wednesday-class/test/test/img_00923.png,4
/kaggle/input/cs-424-ass-1-wednesday-class/test/test/img_00924.png,5
/kaggle/input/cs-424-ass-1-wednesday-class/test/test/img_00925.png,4
/kaggle/input/cs-424-ass-1-wednesday-class/test/test/img_00926.png,3
/kaggle/input/cs-424-ass-1-wednesday-class/test/test/img_00927.png,7
/kaggle/input/cs-424-ass-1-wednesday-class/test/test/img_00928.png,4
/kaggle/input/cs-424-ass-1-wednesday-class/test/test/img_00929.png,0
/kaggle/input/cs-424-ass-1-wednesday-class/test/test/img_00930.png,2
/kaggle/input/cs-424-ass-1-wednesday-class/test/test/img_00931.png,2
/kaggle/input/cs-424-ass-1-wednesday-class/test/test/img_00932.png,0
/kaggle/input/cs-424-ass-1-wednesday-class/test/test/img_00933.png,0
/kaggle/input/cs-424-ass-1-wednesday-class/test/test/img_00934.png,0
/kaggle/input/cs-424-ass-1-wednesday-class/test/test/img_00935.png,2
/kaggle/input/cs-424-ass-1-wednesday-class/test/test/img_00936.png,2
/kaggle/input/cs-424-ass-1-wednesday-class/test/test/img_00937.png,0
/kaggle/input/cs-424-ass-1-wednesday-class/test/test/img_00938.png,4
/kaggle/input/cs-424-ass-1-wednesday-class/test/test/img_00939.png,4
/kaggle/input/cs-424-ass-1-wednesday-class/test/test/img_00940.png,3
/kaggle/input/cs-424-ass-1-wednesday-class/test/test/img_00941.png,2
/kaggle/input/cs-424-ass-1-wednesday-class/test/test/img_00942.png,7
/kaggle/input/cs-424-ass-1-wednesday-class/test/test/img_00943.png,2
/kaggle/input/cs-424-ass-1-wednesday-class/test/test/img_00944.png,0
/kaggle/input/cs-424-ass-1-wednesday-class/test/test/img_00945.png,7
/kaggle/input/cs-424-ass-1-wednesday-class/test/test/img_00946.png,4
/kaggle/input/cs-424-ass-1-wednesday-class/test/test/img_00947.png,3
/kaggle/input/cs-424-ass-1-wednesday-class/test/test/img_00948.png,4
/kaggle/input/cs-424-ass-1-wednesday-class/test/test/img_00949.png,4
/kaggle/input/cs-424-ass-1-wednesday-class/test/test/img_00950.png,2
/kaggle/input/cs-424-ass-1-wednesday-class/test/test/img_00951.png,0
/kaggle/input/cs-424-ass-1-wednesday-class/test/test/img_00952.png,2
/kaggle/input/cs-424-ass-1-wednesday-class/test/test/img_00953.png,0
/kaggle/input/cs-424-ass-1-wednesday-class/test/test/img_00954.png,4
/kaggle/input/cs-424-ass-1-wednesday-class/test/test/img_00955.png,0
/kaggle/input/cs-424-ass-1-wednesday-class/test/test/img_00956.png,3
/kaggle/input/cs-424-ass-1-wednesday-class/test/test/img_00957.png,0
/kaggle/input/cs-424-ass-1-wednesday-class/test/test/img_00958.png,1
/kaggle/input/cs-424-ass-1-wednesday-class/test/test/img_00959.png,4
/kaggle/input/cs-424-ass-1-wednesday-class/test/test/img_00960.png,7
/kaggle/input/cs-424-ass-1-wednesday-class/test/test/img_00961.png,0
/kaggle/input/cs-424-ass-1-wednesday-class/test/test/img_00962.png,0
/kaggle/input/cs-424-ass-1-wednesday-class/test/test/img_00963.png,7
/kaggle/input/cs-424-ass-1-wednesday-class/test/test/img_00964.png,0
/kaggle/input/cs-424-ass-1-wednesday-class/test/test/img_00965.png,4
/kaggle/input/cs-424-ass-1-wednesday-class/test/test/img_00966.png,0
/kaggle/input/cs-424-ass-1-wednesday-class/test/test/img_00967.png,7
/kaggle/input/cs-424-ass-1-wednesday-class/test/test/img_00968.png,0
/kaggle/input/cs-424-ass-1-wednesday-class/test/test/img_00969.png,3
/kaggle/input/cs-424-ass-1-wednesday-class/test/test/img_00970.png,0
/kaggle/input/cs-424-ass-1-wednesday-class/test/test/img_00971.png,2
/kaggle/input/cs-424-ass-1-wednesday-class/test/test/img_00972.png,1
/kaggle/input/cs-424-ass-1-wednesday-class/test/test/img_00973.png,0
/kaggle/input/cs-424-ass-1-wednesday-class/test/test/img_00974.png,7
/kaggle/input/cs-424-ass-1-wednesday-class/test/test/img_00975.png,0
/kaggle/input/cs-424-ass-1-wednesday-class/test/test/img_00976.png,3
/kaggle/input/cs-424-ass-1-wednesday-class/test/test/img_00977.png,7
/kaggle/input/cs-424-ass-1-wednesday-class/test/test/img_00978.png,0
/kaggle/input/cs-424-ass-1-wednesday-class/test/test/img_00979.png,0
/kaggle/input/cs-424-ass-1-wednesday-class/test/test/img_00980.png,0
/kaggle/input/cs-424-ass-1-wednesday-class/test/test/img_00981.png,0
/kaggle/input/cs-424-ass-1-wednesday-class/test/test/img_00982.png,4
/kaggle/input/cs-424-ass-1-wednesday-class/test/test/img_00983.png,0
/kaggle/input/cs-424-ass-1-wednesday-class/test/test/img_00984.png,0
/kaggle/input/cs-424-ass-1-wednesday-class/test/test/img_00985.png,4
/kaggle/input/cs-424-ass-1-wednesday-class/test/test/img_00986.png,2
/kaggle/input/cs-424-ass-1-wednesday-class/test/test/img_00987.png,4
/kaggle/input/cs-424-ass-1-wednesday-class/test/test/img_00988.png,0
/kaggle/input/cs-424-ass-1-wednesday-class/test/test/img_00989.png,7
/kaggle/input/cs-424-ass-1-wednesday-class/test/test/img_00990.png,7
/kaggle/input/cs-424-ass-1-wednesday-class/test/test/img_00991.png,4
/kaggle/input/cs-424-ass-1-wednesday-class/test/test/img_00992.png,7
/kaggle/input/cs-424-ass-1-wednesday-class/test/test/img_00993.png,0
/kaggle/input/cs-424-ass-1-wednesday-class/test/test/img_00994.png,0
/kaggle/input/cs-424-ass-1-wednesday-class/test/test/img_00995.png,3
/kaggle/input/cs-424-ass-1-wednesday-class/test/test/img_00996.png,3
/kaggle/input/cs-424-ass-1-wednesday-class/test/test/img_00997.png,4
/kaggle/input/cs-424-ass-1-wednesday-class/test/test/img_00998.png,2
/kaggle/input/cs-424-ass-1-wednesday-class/test/test/img_00999.png,7
/kaggle/input/cs-424-ass-1-wednesday-class/test/test/img_01000.png,2
/kaggle/input/cs-424-ass-1-wednesday-class/test/test/img_01001.png,3
/kaggle/input/cs-424-ass-1-wednesday-class/test/test/img_01002.png,3
/kaggle/input/cs-424-ass-1-wednesday-class/test/test/img_01003.png,7
/kaggle/input/cs-424-ass-1-wednesday-class/test/test/img_01004.png,0
/kaggle/input/cs-424-ass-1-wednesday-class/test/test/img_01005.png,0
/kaggle/input/cs-424-ass-1-wednesday-class/test/test/img_01006.png,3
/kaggle/input/cs-424-ass-1-wednesday-class/test/test/img_01007.png,7
/kaggle/input/cs-424-ass-1-wednesday-class/test/test/img_01008.png,0
/kaggle/input/cs-424-ass-1-wednesday-class/test/test/img_01009.png,3
/kaggle/input/cs-424-ass-1-wednesday-class/test/test/img_01010.png,5
/kaggle/input/cs-424-ass-1-wednesday-class/test/test/img_01011.png,3
/kaggle/input/cs-424-ass-1-wednesday-class/test/test/img_01012.png,0
/kaggle/input/cs-424-ass-1-wednesday-class/test/test/img_01013.png,7
/kaggle/input/cs-424-ass-1-wednesday-class/test/test/img_01014.png,2
/kaggle/input/cs-424-ass-1-wednesday-class/test/test/img_01015.png,3
/kaggle/input/cs-424-ass-1-wednesday-class/test/test/img_01016.png,0
/kaggle/input/cs-424-ass-1-wednesday-class/test/test/img_01017.png,7
/kaggle/input/cs-424-ass-1-wednesday-class/test/test/img_01018.png,3
/kaggle/input/cs-424-ass-1-wednesday-class/test/test/img_01019.png,0
/kaggle/input/cs-424-ass-1-wednesday-class/test/test/img_01020.png,0
/kaggle/input/cs-424-ass-1-wednesday-class/test/test/img_01021.png,7
/kaggle/input/cs-424-ass-1-wednesday-class/test/test/img_01022.png,1
/kaggle/input/cs-424-ass-1-wednesday-class/test/test/img_01023.png,4
/kaggle/input/cs-424-ass-1-wednesday-class/test/test/img_01024.png,7
/kaggle/input/cs-424-ass-1-wednesday-class/test/test/img_01025.png,4
